url,addr,price,page,header,description
https://kazan.cian.ru/sale/flat/287440152/,Республика Татарстан Казань р-н Ново-Савиновский Счастье в Казани ЖК,10 183 072 ₽,1,"1-комн. кв., 37,86 м², 4/20 этаж",<async_generator object CianspiderSpider.parse_additional at 0x00000189CAD1EC40>
https://kazan.cian.ru/sale/flat/289134610/,Республика Татарстан Казань р-н Советский улица Аделя Кутуя,6 690 000 ₽,1,"1-комн. кв., 37,05 м², 16/19 этаж",<async_generator object CianspiderSpider.parse_additional at 0x00000189CB119840>
https://kazan.cian.ru/sale/flat/283380232/,Республика Татарстан Казань р-н Советский мкр. Малые Клыки м. Горки Грин ЖК,5 621 272 ₽,1,"1-комн. кв., 33 м², 1/19 этаж",<async_generator object CianspiderSpider.parse_additional at 0x00000189CAD1EC40>
https://kazan.cian.ru/sale/flat/279080442/,Республика Татарстан Казань р-н Советский мкр. Дальний улица Крылова,6 500 000 ₽,1,"1-комн. кв., 39,4 м², 9/25 этаж",<async_generator object CianspiderSpider.parse_additional at 0x00000189CB119840>
https://kazan.cian.ru/sale/flat/287770697/,Республика Татарстан Казань р-н Приволжский м. Суконная слобода Квартал Сюита ЖК,9 397 992 ₽,1,"1-комн. кв., 35,79 м², 4/8 этаж",<async_generator object CianspiderSpider.parse_additional at 0x00000189CAD1EC40>
https://kazan.cian.ru/sale/flat/279960183/,"Республика Татарстан Казань р-н Приволжский мкр. 9,10,11 улица Юлиуса Фучика 62А",7 300 000 ₽,1,"1-комн. кв., 58 м², 8/10 этаж",<async_generator object CianspiderSpider.parse_additional at 0x00000189CB119540>
https://kazan.cian.ru/sale/flat/281329256/,Республика Татарстан Казань р-н Авиастроительный мкр. Караваево м. Авиастроительная улица Симонова 43,6 337 650 ₽,1,"1-комн. кв., 37,95 м², 7/10 этаж",<async_generator object CianspiderSpider.parse_additional at 0x00000189CAD1EC40>
https://kazan.cian.ru/sale/flat/285811806/,Республика Татарстан Казань р-н Советский мкр. Октябрьский городок улица Николая Ершова 62Г,7 590 000 ₽,1,"1-комн. кв., 39,1 м², 1/10 этаж",<async_generator object CianspiderSpider.parse_additional at 0x00000189CB119840>
https://kazan.cian.ru/sale/flat/282370142/,Республика Татарстан Казань р-н Советский м. Площадь Тукая Сиберово ЖК 1,6 332 054 ₽,1,"1-комн. кв., 34,3 м², 1/11 этаж",<async_generator object CianspiderSpider.parse_additional at 0x00000189CAD1EC40>
https://kazan.cian.ru/sale/flat/285365009/,Республика Татарстан Казань р-н Приволжский мкр. Изумрудный город улица Академика Завойского 21Бк1,6 250 000 ₽,1,"1-комн. кв., 39,4 м², 7/21 этаж",<async_generator object CianspiderSpider.parse_additional at 0x00000189CB119540>
https://kazan.cian.ru/sale/flat/289780769/,Республика Татарстан Казань р-н Советский м. Аметьево улица Аметьевская магистраль 18к5,10 300 000 ₽,1,"1-комн. кв., 48 м², 4/25 этаж",<async_generator object CianspiderSpider.parse_additional at 0x00000189CAD1EC40>
https://kazan.cian.ru/sale/flat/289720148/,Республика Татарстан Казань р-н Советский мкр. Октябрьский городок м. Суконная слобода улица Николая Ершова 66Б,8 400 000 ₽,1,"1-комн. кв., 36,06 м², 13/19 этаж",<async_generator object CianspiderSpider.parse_additional at 0x00000189CB119740>
https://kazan.cian.ru/sale/flat/287882683/,Республика Татарстан Казань р-н Советский м. Горки Нокса Парк ЖК 7,6 022 512 ₽,1,"1-комн. кв., 40,5 м², 11/12 этаж",<async_generator object CianspiderSpider.parse_additional at 0x00000189CAD1EC40>
https://kazan.cian.ru/sale/flat/288465845/,Республика Татарстан Казань р-н Приволжский мкр. Поповка Магистральная улица 34,3 350 000 ₽,1,"1-комн. кв., 32,8 м², 5/9 этаж",<async_generator object CianspiderSpider.parse_additional at 0x00000189CB119840>
https://kazan.cian.ru/sale/flat/287389803/,Республика Татарстан Казань р-н Кировский мкр. Ягодная слобода м. Козья слобода Краснококшайская улица 58,7 931 195 ₽,1,"1-комн. кв., 33,6 м², 19/24 этаж",<async_generator object CianspiderSpider.parse_additional at 0x00000189CAD1EC40>
https://kazan.cian.ru/sale/flat/286251296/,Республика Татарстан Казань р-н Советский мкр. Танкодром улица Карбышева 1/30,3 699 000 ₽,1,"1-комн. кв., 31,3 м², 1/5 этаж",<async_generator object CianspiderSpider.parse_additional at 0x00000189CB119740>
https://kazan.cian.ru/sale/flat/290811354/,Республика Татарстан Казань р-н Советский мкр. Куба Уникум на Ершова ЖК,9 198 000 ₽,1,"1-комн. кв., 39,3 м², 5/10 этаж",<async_generator object CianspiderSpider.parse_additional at 0x00000189CAD1EC40>
https://kazan.cian.ru/sale/flat/284104832/,Республика Татарстан Казань р-н Советский мкр. Куба м. Площадь Тукая улица Новаторов 2в,6 849 000 ₽,1,"1-комн. кв., 38,25 м², 6/20 этаж",<async_generator object CianspiderSpider.parse_additional at 0x00000189CB119840>
https://kazan.cian.ru/sale/flat/287798572/,Республика Татарстан Казань р-н Ново-Савиновский м. Козья слобода Савин Фемили ЖК,10 173 663 ₽,1,1-комн. квартира в новостройке,<async_generator object CianspiderSpider.parse_additional at 0x00000189CAD1EC40>
https://kazan.cian.ru/sale/flat/290315518/,Республика Татарстан Казань р-н Ново-Савиновский мкр. квартал 11 м. Яшьлек улица Восстания 7,4 149 000 ₽,1,"1-комн. кв., 32 м², 2/5 этаж",<async_generator object CianspiderSpider.parse_additional at 0x00000189CB119740>
https://kazan.cian.ru/sale/flat/290336001/,Республика Татарстан Казань р-н Вахитовский м. Площадь Тукая улица Дулата Али,11 059 643 ₽,1,"1-комн. кв., 35,76 м², 9/15 этаж",<async_generator object CianspiderSpider.parse_additional at 0x00000189CAD1EC40>
https://kazan.cian.ru/sale/flat/287966158/,Республика Татарстан Казань р-н Московский м. Яшьлек улица Энергетиков 2/3,2 200 000 ₽,1,Отличная студия возле метро!!!,<async_generator object CianspiderSpider.parse_additional at 0x00000189CB119840>
https://kazan.cian.ru/sale/flat/273912830/,Республика Татарстан Казань р-н Советский м. Суконная слобода улица Академика Губкина 12Б,12 640 000 ₽,1,"1-комн. кв., 75,96 м², 19/19 этаж",<async_generator object CianspiderSpider.parse_additional at 0x00000189CAD1EC40>
https://kazan.cian.ru/sale/flat/289416194/,Республика Татарстан Казань р-н Советский м. Суконная слобода улица Шуртыгина 24,4 100 000 ₽,1,"1-комн. кв., 30 м², 7/9 этаж",<async_generator object CianspiderSpider.parse_additional at 0x00000189CB119540>
https://kazan.cian.ru/sale/flat/290828569/,Республика Татарстан Казань р-н Авиастроительный м. Северный Вокзал улица Михаила Миля 3,5 500 000 ₽,1,"1-комн. кв., 33,46 м², 1/15 этаж",<async_generator object CianspiderSpider.parse_additional at 0x00000189CAD1EC40>
https://kazan.cian.ru/sale/flat/289937452/,Республика Татарстан Казань р-н Приволжский мкр. Горки-1 м. Горки улица Братьев Касимовых 32,4 199 000 ₽,1,"1-комн. кв., 32 м², 1/5 этаж",<async_generator object CianspiderSpider.parse_additional at 0x00000189CB119840>
https://kazan.cian.ru/sale/flat/289505163/,Республика Татарстан Казань р-н Советский м. Аметьево улица Аделя Кутуя 86,6 020 280 ₽,1,"1-комн. кв., 23,89 м², 3/20 этаж",<async_generator object CianspiderSpider.parse_additional at 0x00000189CAD1EC40>
https://kazan.cian.ru/sale/flat/290777435/,Республика Татарстан Казань р-н Кировский мкр. Ягодная слобода улица 2-я Юго-Западная 9,7 300 000 ₽,1,Уютная 1 комнатная квартира,<async_generator object CianspiderSpider.parse_additional at 0x00000189CB119740>
url,addr,price,page,header,description
https://kazan.cian.ru/sale/flat/287440152/,Республика Татарстан Казань р-н Ново-Савиновский Счастье в Казани ЖК,10 183 072 ₽,1,"1-комн. кв., 37,86 м², 4/20 этаж",
https://kazan.cian.ru/sale/flat/289134610/,Республика Татарстан Казань р-н Советский улица Аделя Кутуя,6 690 000 ₽,1,"1-комн. кв., 37,05 м², 16/19 этаж",
https://kazan.cian.ru/sale/flat/283380232/,Республика Татарстан Казань р-н Советский мкр. Малые Клыки м. Горки Грин ЖК,5 621 272 ₽,1,"1-комн. кв., 33 м², 1/19 этаж",
https://kazan.cian.ru/sale/flat/279080442/,Республика Татарстан Казань р-н Советский мкр. Дальний улица Крылова,6 500 000 ₽,1,"1-комн. кв., 39,4 м², 9/25 этаж",
https://kazan.cian.ru/sale/flat/287770697/,Республика Татарстан Казань р-н Приволжский м. Суконная слобода Квартал Сюита ЖК,9 397 992 ₽,1,"1-комн. кв., 35,79 м², 4/8 этаж",
https://kazan.cian.ru/sale/flat/279960183/,"Республика Татарстан Казань р-н Приволжский мкр. 9,10,11 улица Юлиуса Фучика 62А",7 300 000 ₽,1,"1-комн. кв., 58 м², 8/10 этаж",
https://kazan.cian.ru/sale/flat/281329256/,Республика Татарстан Казань р-н Авиастроительный мкр. Караваево м. Авиастроительная улица Симонова 43,6 337 650 ₽,1,"1-комн. кв., 37,95 м², 7/10 этаж",
https://kazan.cian.ru/sale/flat/285811806/,Республика Татарстан Казань р-н Советский мкр. Октябрьский городок улица Николая Ершова 62Г,7 590 000 ₽,1,"1-комн. кв., 39,1 м², 1/10 этаж",
https://kazan.cian.ru/sale/flat/282370142/,Республика Татарстан Казань р-н Советский м. Площадь Тукая Сиберово ЖК 1,6 332 054 ₽,1,"1-комн. кв., 34,3 м², 1/11 этаж",
https://kazan.cian.ru/sale/flat/285365009/,Республика Татарстан Казань р-н Приволжский мкр. Изумрудный город улица Академика Завойского 21Бк1,6 250 000 ₽,1,"1-комн. кв., 39,4 м², 7/21 этаж",
https://kazan.cian.ru/sale/flat/289780769/,Республика Татарстан Казань р-н Советский м. Аметьево улица Аметьевская магистраль 18к5,10 300 000 ₽,1,"1-комн. кв., 48 м², 4/25 этаж",
https://kazan.cian.ru/sale/flat/289720148/,Республика Татарстан Казань р-н Советский мкр. Октябрьский городок м. Суконная слобода улица Николая Ершова 66Б,8 400 000 ₽,1,"1-комн. кв., 36,06 м², 13/19 этаж",
https://kazan.cian.ru/sale/flat/287882683/,Республика Татарстан Казань р-н Советский м. Горки Нокса Парк ЖК 7,6 022 512 ₽,1,"1-комн. кв., 40,5 м², 11/12 этаж",
https://kazan.cian.ru/sale/flat/288465845/,Республика Татарстан Казань р-н Приволжский мкр. Поповка Магистральная улица 34,3 350 000 ₽,1,"1-комн. кв., 32,8 м², 5/9 этаж",
https://kazan.cian.ru/sale/flat/287389803/,Республика Татарстан Казань р-н Кировский мкр. Ягодная слобода м. Козья слобода Краснококшайская улица 58,7 931 195 ₽,1,"1-комн. кв., 33,6 м², 19/24 этаж",
https://kazan.cian.ru/sale/flat/286251296/,Республика Татарстан Казань р-н Советский мкр. Танкодром улица Карбышева 1/30,3 699 000 ₽,1,"1-комн. кв., 31,3 м², 1/5 этаж",
https://kazan.cian.ru/sale/flat/290811354/,Республика Татарстан Казань р-н Советский мкр. Куба Уникум на Ершова ЖК,9 198 000 ₽,1,"1-комн. кв., 39,3 м², 5/10 этаж",
https://kazan.cian.ru/sale/flat/284104832/,Республика Татарстан Казань р-н Советский мкр. Куба м. Площадь Тукая улица Новаторов 2в,6 849 000 ₽,1,"1-комн. кв., 38,25 м², 6/20 этаж",
https://kazan.cian.ru/sale/flat/287798572/,Республика Татарстан Казань р-н Ново-Савиновский м. Козья слобода Савин Фемили ЖК,10 173 663 ₽,1,1-комн. квартира в новостройке,
https://kazan.cian.ru/sale/flat/290315518/,Республика Татарстан Казань р-н Ново-Савиновский мкр. квартал 11 м. Яшьлек улица Восстания 7,4 149 000 ₽,1,"1-комн. кв., 32 м², 2/5 этаж",
https://kazan.cian.ru/sale/flat/290336001/,Республика Татарстан Казань р-н Вахитовский м. Площадь Тукая улица Дулата Али,11 059 643 ₽,1,"1-комн. кв., 35,76 м², 9/15 этаж",
https://kazan.cian.ru/sale/flat/287966158/,Республика Татарстан Казань р-н Московский м. Яшьлек улица Энергетиков 2/3,2 200 000 ₽,1,Отличная студия возле метро!!!,
https://kazan.cian.ru/sale/flat/273912830/,Республика Татарстан Казань р-н Советский м. Суконная слобода улица Академика Губкина 12Б,12 640 000 ₽,1,"1-комн. кв., 75,96 м², 19/19 этаж",
https://kazan.cian.ru/sale/flat/289416194/,Республика Татарстан Казань р-н Советский м. Суконная слобода улица Шуртыгина 24,4 100 000 ₽,1,"1-комн. кв., 30 м², 7/9 этаж",
https://kazan.cian.ru/sale/flat/290828569/,Республика Татарстан Казань р-н Авиастроительный м. Северный Вокзал улица Михаила Миля 3,5 500 000 ₽,1,"1-комн. кв., 33,46 м², 1/15 этаж",
https://kazan.cian.ru/sale/flat/289937452/,Республика Татарстан Казань р-н Приволжский мкр. Горки-1 м. Горки улица Братьев Касимовых 32,4 199 000 ₽,1,"1-комн. кв., 32 м², 1/5 этаж",
https://kazan.cian.ru/sale/flat/289505163/,Республика Татарстан Казань р-н Советский м. Аметьево улица Аделя Кутуя 86,6 020 280 ₽,1,"1-комн. кв., 23,89 м², 3/20 этаж",
https://kazan.cian.ru/sale/flat/290777435/,Республика Татарстан Казань р-н Кировский мкр. Ягодная слобода улица 2-я Юго-Западная 9,7 300 000 ₽,1,Уютная 1 комнатная квартира,
https://kazan.cian.ru/sale/flat/284794896/,Республика Татарстан Казань р-н Советский мкр. Малые Клыки м. Горки Светлая Долина ЖК,6 094 500 ₽,2,"1-комн. кв., 35,85 м², 2/25 этаж",
https://kazan.cian.ru/sale/flat/289461757/,Республика Татарстан Казань р-н Кировский мкр. Ягодная слобода Базарная улица 2,4 100 000 ₽,2,"1-комн. кв., 34,8 м², 3/5 этаж",
https://kazan.cian.ru/sale/flat/290827778/,Республика Татарстан Казань р-н Советский м. Горки улица Родины 12,6 250 000 ₽,2,"1-комн. кв., 30,57 м², 13/24 этаж",
https://kazan.cian.ru/sale/flat/276744163/,Республика Татарстан Казань р-н Кировский мкр. Юдино улица Ильича 19/43,3 695 000 ₽,2,"1-комн. кв., 36,1 м², 3/9 этаж",
https://kazan.cian.ru/sale/flat/280406685/,Республика Татарстан Казань р-н Приволжский мкр. Теплоконтроль м. Аметьево 33-й Военный городок,6 800 000 ₽,2,"1-комн. кв., 36,74 м², 1/9 этаж",
https://kazan.cian.ru/sale/flat/285534063/,Республика Татарстан Казань р-н Советский м. Горки улица Сабира Ахтямова 1к1,8 199 000 ₽,2,"1-комн. кв., 34,2 м², 10/17 этаж",
https://kazan.cian.ru/sale/flat/274744735/,Республика Татарстан Казань р-н Московский м. Яшьлек Меркурий ЖК,7 159 760 ₽,2,"1-комн. кв., 37,03 м², 6/10 этаж",
https://kazan.cian.ru/sale/flat/290381805/,Республика Татарстан Казань р-н Советский мкр. Азино-2 м. Горки улица Ноксинский Спуск 4к1,6 800 000 ₽,2,"1-комн. кв., 40,3 м², 2/14 этаж",
https://kazan.cian.ru/sale/flat/276112789/,Республика Татарстан Казань р-н Советский м. Горки улица Петра Полушкина 5/1,7 371 840 ₽,2,"1-комн. кв., 32,91 м², 3/17 этаж",
https://kazan.cian.ru/sale/flat/289397884/,Республика Татарстан Казань р-н Кировский мкр. Залесный Хибинская улица 24,5 050 000 ₽,2,"1-комн. кв., 47,8 м², 1/16 этаж",
https://kazan.cian.ru/sale/flat/290825024/,Республика Татарстан Казань р-н Советский м. Аметьево улица Мансура Хасанова 13,7 510 000 ₽,2,"1-комн. кв., 39,55 м², 19/19 этаж",
https://kazan.cian.ru/sale/flat/286811951/,Республика Татарстан Казань р-н Кировский мкр. Пороховая слобода улица Фрунзе 9,4 400 000 ₽,2,"1-комн. кв., 30,3 м², 6/10 этаж",
https://kazan.cian.ru/sale/flat/275797362/,Республика Татарстан Казань р-н Советский м. Горки Яратам ЖК,7 752 953 ₽,2,"1-комн. кв., 40,44 м², 2/16 этаж",
https://kazan.cian.ru/sale/flat/290344323/,Республика Татарстан Казань р-н Советский улица Зур Урам 1Кк4,7 300 000 ₽,2,"1-комн. кв., 37,2 м², 10/10 этаж",
https://kazan.cian.ru/sale/flat/291032739/,Республика Татарстан Казань р-н Советский мкр. Куба м. Суконная слобода улица Николая Ершова 65Б/1,7 850 000 ₽,2,"1-комн. кв., 31,4 м², 18/19 этаж",
https://kazan.cian.ru/sale/flat/290156932/,Республика Татарстан Казань р-н Советский м. Горки улица Зур Урам 1Кк4,6 400 000 ₽,2,"1-комн. кв., 33 м², 5/10 этаж",
https://kazan.cian.ru/sale/flat/285800995/,Республика Татарстан Казань р-н Кировский мкр. Адмиралтейская слобода м. Козья слобода Статум ЖК,7 960 000 ₽,2,"1-комн. кв., 31,65 м², 2/8 этаж",
https://kazan.cian.ru/sale/flat/280790825/,Республика Татарстан Казань р-н Советский м. Проспект Победы улица Анаса Тазетдинова 6,6 700 000 ₽,2,Квартира с ремонтом,
https://kazan.cian.ru/sale/flat/289689177/,Республика Татарстан Казань р-н Советский мкр. Октябрьский городок м. Суконная слобода Нова ЖК,9 321 480 ₽,2,"1-комн. кв., 34,02 м², 4/20 этаж",
https://kazan.cian.ru/sale/flat/273957648/,Республика Татарстан Казань р-н Советский мкр. Танкодром м. Аметьево улица Аметьевская магистраль 18к3,8 300 000 ₽,2,Видовая 1К предчистовая 42м2,
https://kazan.cian.ru/sale/flat/278051057/,Республика Татарстан Казань р-н Вахитовский мкр. Татарская слобода м. Площадь Тукая Максат ЖК,9 274 760 ₽,2,"1-комн. кв., 43,34 м², 2/9 этаж",
https://kazan.cian.ru/sale/flat/288084392/,Республика Татарстан Казань р-н Приволжский мкр. Теплоконтроль м. Горки Ачинская улица 1,6 400 000 ₽,2,"1-комн. кв., 31,44 м², 8/10 этаж",
https://kazan.cian.ru/sale/flat/290822421/,Республика Татарстан Казань р-н Советский мкр. Октябрьский городок м. Суконная слобода улица Николая Ершова 66Б,9 931 000 ₽,2,"1-комн. кв., 37,17 м², 19/20 этаж",
https://kazan.cian.ru/sale/flat/288149853/,Республика Татарстан Казань р-н Московский м. Яшьлек улица Восстания 49,4 600 000 ₽,2,"1-комн. кв., 31,1 м², 2/5 этаж",
https://kazan.cian.ru/sale/flat/275205711/,"Республика Татарстан Казань р-н Ново-Савиновский мкр. кварталы 68, 69 м. Козья слобода Уно ЖК",11 220 000 ₽,2,"1-комн. кв., 42,9 м², 2/21 этаж",
https://kazan.cian.ru/sale/flat/290003546/,Республика Татарстан Казань р-н Приволжский мкр. Теплоконтроль м. Суконная слобода Авангардная улица 87,3 750 000 ₽,2,"1-комн. кв., 35,8 м², 9/9 этаж",
https://kazan.cian.ru/sale/flat/290414952/,Республика Татарстан Казань р-н Приволжский м. Суконная слобода улица Шаляпина 32,13 500 000 ₽,2,"1-комн. кв., 40,5 м², 2/9 этаж",
https://kazan.cian.ru/sale/flat/290401709/,Республика Татарстан Казань р-н Приволжский м. Проспект Победы проезд Детский 1к1,4 199 000 ₽,2,"1-комн. кв., 31 м², 7/19 этаж",
https://kazan.cian.ru/sale/flat/289016255/,Республика Татарстан Казань р-н Советский мкр. Малые Клыки м. Горки Лето ЖК,5 640 000 ₽,3,"1-комн. кв., 30,77 м², 2/9 этаж",
https://kazan.cian.ru/sale/flat/288962021/,Республика Татарстан Казань р-н Советский Курская улица 4,4 180 000 ₽,3,"1-комн. кв., 31,4 м², 1/5 этаж",
https://kazan.cian.ru/sale/flat/266334888/,Республика Татарстан Казань р-н Советский м. Горки улица Азата Аббасова 23,6 300 000 ₽,3,"1-комн. кв., 35,41 м², 1/11 этаж",
https://kazan.cian.ru/sale/flat/280929431/,Республика Татарстан Казань р-н Кировский мкр. Ягодная слобода м. Яшьлек улица 2-я Юго-Западная 29,4 400 000 ₽,3,"1-комн. кв., 33,4 м², 5/5 этаж",
https://kazan.cian.ru/sale/flat/279471951/,Республика Татарстан Казань р-н Советский мкр. Куба м. Суконная слобода улица Новаторов 8А,8 660 000 ₽,3,"1-комн. кв., 38,25 м², 19/20 этаж",
https://kazan.cian.ru/sale/flat/287966154/,Республика Татарстан Казань р-н Приволжский мкр. Теплоконтроль м. Горки 33-й Военный городок 12,4 950 000 ₽,3,"1-комн. кв., 39 м², 2/10 этаж",
https://kazan.cian.ru/sale/flat/290606122/,Республика Татарстан Казань р-н Советский мкр. Малые Клыки м. Горки Грин ЖК,5 298 758 ₽,3,"1-комн. кв., 29,89 м², 8/19 этаж",
https://kazan.cian.ru/sale/flat/286890103/,Республика Татарстан Казань р-н Советский мкр. Азино-1 м. Горки Большие Клыки жилмассив улица Магистральная 14А,5 150 000 ₽,3,"1-комн. кв., 33,2 м², 4/10 этаж",
https://kazan.cian.ru/sale/flat/290812297/,Республика Татарстан Казань р-н Советский м. Горки Нокса Парк ЖК 7,5 334 912 ₽,3,"1-комн. кв., 33 м², 2/12 этаж",
https://kazan.cian.ru/sale/flat/289848884/,Республика Татарстан Казань р-н Советский м. Проспект Победы улица Натана Рахлина 15к1,5 300 000 ₽,3,"1-комн. кв., 32 м², 17/17 этаж",
https://kazan.cian.ru/sale/flat/288940059/,Республика Татарстан Казань р-н Советский м. Горки Нокса Парк ЖК 7,5 840 256 ₽,3,"1-комн. кв., 33,5 м², 8/12 этаж",
https://kazan.cian.ru/sale/flat/284362903/,Республика Татарстан Казань р-н Советский проспект Альберта Камалеева 30,7 500 000 ₽,3,"1-комн. кв., 40,9 м², 19/20 этаж",
https://kazan.cian.ru/sale/flat/290849953/,Республика Татарстан Казань р-н Советский м. Площадь Тукая Сиберово ЖК 1,6 256 800 ₽,3,"1-комн. кв., 33 м², 6/26 этаж",
https://kazan.cian.ru/sale/flat/290401704/,Республика Татарстан Казань р-н Кировский мкр. Ягодная слобода м. Яшьлек улица Галимджана Баруди 18А,7 999 000 ₽,3,"1-комн. кв., 42 м², 5/9 этаж",
https://kazan.cian.ru/sale/flat/282370135/,Республика Татарстан Казань р-н Советский м. Площадь Тукая Сиберово ЖК 1,6 715 507 ₽,3,"1-комн. кв., 35,8 м², 17/26 этаж",
https://kazan.cian.ru/sale/flat/290004769/,"Республика Татарстан Казань р-н Ново-Савиновский мкр. кварталы 68, 69 м. Козья слобода улица Сибгата Хакима 37",8 600 000 ₽,3,"1-комн. кв., 41,7 м², 4/9 этаж",
https://kazan.cian.ru/sale/flat/272970421/,Республика Татарстан Казань р-н Советский м. Аметьево улица Аделя Кутуя 86,7 628 852 ₽,3,"1-комн. кв., 36,19 м², 9/20 этаж",
https://kazan.cian.ru/sale/flat/273358339/,Республика Татарстан Казань р-н Советский м. Аметьево улица Аметьевская магистраль 18к5,9 200 000 ₽,3,1к квартира бизнес-класс 48м2,
https://kazan.cian.ru/sale/flat/272625576/,Республика Татарстан Казань р-н Советский м. Аметьево улица Аделя Кутуя 86,7 659 625 ₽,3,"1-комн. кв., 36,51 м², 16/20 этаж",
https://kazan.cian.ru/sale/flat/275105745/,Республика Татарстан Казань р-н Советский мкр. Малые Клыки улица Архитектора Гайнутдинова 26к2,5 100 000 ₽,3,"1-комн. кв., 38,5 м², 12/19 этаж",
https://kazan.cian.ru/sale/flat/286529633/,Республика Татарстан Казань р-н Приволжский мкр. Теплоконтроль м. Аметьево 33-й Военный городок 3,7 809 470 ₽,3,"1-комн. кв., 42,87 м², 5/9 этаж",
https://kazan.cian.ru/sale/flat/269740205/,Республика Татарстан Казань р-н Советский мкр. Куба улица Николая Ершова 65Б/2,6 999 000 ₽,3,"1-комн. кв., 31 м², 10/19 этаж",
https://kazan.cian.ru/sale/flat/290842481/,Республика Татарстан Казань р-н Советский мкр. Куба м. Суконная слобода улица Николая Ершова 65Б/1,7 975 000 ₽,3,"1-комн. кв., 31,9 м², 17/19 этаж",
https://kazan.cian.ru/sale/flat/275341397/,Республика Татарстан Казань р-н Советский улица Натана Рахлина 15к1,4 900 000 ₽,3,"1-комн. кв., 32,4 м², 1/17 этаж",
https://kazan.cian.ru/sale/flat/290841676/,Республика Татарстан Казань р-н Советский м. Горки,8 229 400 ₽,3,"1-комн. кв., 35,78 м², 3/17 этаж",
https://kazan.cian.ru/sale/flat/275008596/,Республика Татарстан Казань р-н Вахитовский улица Волкова 12,7 700 000 ₽,3,"1-комн. кв., 31 м², 8/9 этаж",
https://kazan.cian.ru/sale/flat/287089422/,Республика Татарстан Казань р-н Приволжский м. Суконная слобода Квартал Сюита ЖК,10 209 430 ₽,3,"1-комн. кв., 40,58 м², 3/8 этаж",
https://kazan.cian.ru/sale/flat/273835099/,Республика Татарстан Казань р-н Ново-Савиновский Меридианная улица 15,5 450 000 ₽,3,"1-комн. кв., 33,2 м², 9/10 этаж",
https://kazan.cian.ru/sale/flat/282793975/,Республика Татарстан Казань р-н Советский м. Аметьево улица Аметьевская магистраль 18к5,10 800 000 ₽,4,"1-комн. кв., 51,2 м², 17/25 этаж",
https://kazan.cian.ru/sale/flat/273112290/,Республика Татарстан Казань р-н Московский мкр. квартал 56 проспект Ямашева 17,5 999 000 ₽,4,"1-комн. кв., 33 м², 3/9 этаж",
https://kazan.cian.ru/sale/flat/280241834/,Республика Татарстан Казань р-н Ново-Савиновский Счастье в Казани ЖК,11 084 969 ₽,4,"1-комн. кв., 48,2 м², 2/20 этаж",
https://kazan.cian.ru/sale/flat/274607385/,Республика Татарстан Казань р-н Авиастроительный мкр. Караваево улица Академика Павлова 1,3 600 000 ₽,4,"1-комн. кв., 34,2 м², 4/9 этаж",
https://kazan.cian.ru/sale/flat/278051013/,Республика Татарстан Казань р-н Вахитовский мкр. Татарская слобода м. Площадь Тукая Максат ЖК,11 522 200 ₽,4,"1-комн. кв., 54,35 м², 2/9 этаж",
https://kazan.cian.ru/sale/flat/273023140/,Республика Татарстан Казань р-н Приволжский тракт Оренбургский 8Д,7 800 000 ₽,4,"1-комн. кв., 41,5 м², 13/16 этаж",
https://kazan.cian.ru/sale/flat/290325450/,Республика Татарстан Казань р-н Вахитовский м. Площадь Тукая улица Дулата Али,11 826 314 ₽,4,"1-комн. кв., 41,17 м², 6/15 этаж",
https://kazan.cian.ru/sale/flat/266081584/,Республика Татарстан Казань р-н Советский Агрызская улица 80,2 100 000 ₽,4,"1-комн. кв., 17,5 м², 3/5 этаж",
https://kazan.cian.ru/sale/flat/290339065/,Республика Татарстан Казань р-н Кировский мкр. Юдино Бирюзовая улица 1,3 534 716 ₽,4,"1-комн. кв., 30,8 м², 8/24 этаж",
https://kazan.cian.ru/sale/flat/273461140/,Республика Татарстан Казань р-н Кировский мкр. Юдино Колымская улица 2,3 500 000 ₽,4,"1-комн. кв., 32 м², 3/5 этаж",
https://kazan.cian.ru/sale/flat/290339056/,Республика Татарстан Казань р-н Кировский мкр. Юдино Бирюзовая улица 1,3 586 782 ₽,4,"1-комн. кв., 31,7 м², 3/24 этаж",
https://kazan.cian.ru/sale/flat/273245991/,Республика Татарстан Казань р-н Авиастроительный мкр. Караваево улица Академика Павлова 11,5 000 000 ₽,4,"1-комн. кв., 36,6 м², 3/9 этаж",
https://kazan.cian.ru/sale/flat/290339054/,Республика Татарстан Казань р-н Кировский мкр. Юдино Бирюзовая улица 1,3 675 362 ₽,4,"1-комн. кв., 32,5 м², 3/24 этаж",
https://kazan.cian.ru/sale/flat/275341402/,"Республика Татарстан Казань р-н Ново-Савиновский мкр. кварталы 68, 69 Чистопольская улица 88",135 500 000 ₽,4,"1-комн. кв., 47,5 м², 22/23 этаж",
https://kazan.cian.ru/sale/flat/290828720/,Республика Татарстан Казань р-н Авиастроительный м. Северный Вокзал улица Михаила Миля 3,5 580 000 ₽,4,"1-комн. кв., 33,74 м², 5/15 этаж",
https://kazan.cian.ru/sale/flat/274769528/,Республика Татарстан Казань р-н Советский мкр. Малые Клыки Светлая Долина ЖК 17.4,6 400 000 ₽,4,"1-комн. кв., 37,7 м², 15/17 этаж",
https://kazan.cian.ru/sale/flat/290828443/,Республика Татарстан Казань р-н Авиастроительный м. Северный Вокзал улица Михаила Миля 3,5 700 000 ₽,4,"1-комн. кв., 34,64 м², 9/15 этаж",
https://kazan.cian.ru/sale/flat/275341395/,"Республика Татарстан Казань р-н Ново-Савиновский мкр. кварталы 68, 69 Чистопольская улица 88",13 550 000 ₽,4,"1-комн. кв., 47,5 м², 15/23 этаж",
https://kazan.cian.ru/sale/flat/287860597/,Республика Татарстан Казань р-н Приволжский мкр. Горки-3 м. Дубравная Экопарк Дубрава мкр,5 898 297 ₽,4,"1-комн. кв., 26,45 м², 2/22 этаж",
https://kazan.cian.ru/sale/flat/286407245/,Республика Татарстан Казань р-н Советский улица Мансура Хасанова 13,7 000 000 ₽,4,"1-комн. кв., 37 м², 9/19 этаж",
https://kazan.cian.ru/sale/flat/290038931/,Республика Татарстан Казань р-н Советский мкр. Малые Клыки м. Горки Нокса Парк ЖК 5,6 022 809 ₽,4,"1-комн. кв., 34,7 м², 12/12 этаж",
https://kazan.cian.ru/sale/flat/289497167/,Республика Татарстан Казань р-н Приволжский Спартаковская улица 165,7 600 000 ₽,4,"1-комн. кв., 36 м², 3/10 этаж",
https://kazan.cian.ru/sale/flat/266553289/,Республика Татарстан Казань р-н Советский м. Горки Лето ЖК,6 069 000 ₽,4,"1-комн. кв., 31,89 м², 1/10 этаж",
https://kazan.cian.ru/sale/flat/273941135/,Республика Татарстан Казань р-н Советский мкр. Куба улица Новаторов 8Б,8 450 000 ₽,4,"1-комн. кв., 38 м², 22/24 этаж",
https://kazan.cian.ru/sale/flat/286527619/,Республика Татарстан Казань р-н Приволжский мкр. Теплоконтроль м. Аметьево 33-й Военный городок 3,6 161 880 ₽,4,"1-комн. кв., 31,75 м², 1/9 этаж",
https://kazan.cian.ru/sale/flat/287324961/,Республика Татарстан Казань р-н Приволжский мкр. Горки-1 улица Братьев Касимовых 32,4 200 000 ₽,4,"1-комн. кв., 31 м², 1/5 этаж",
https://kazan.cian.ru/sale/flat/290828051/,Республика Татарстан Казань р-н Советский м. Горки улица Родины 12,6 160 000 ₽,4,"1-комн. кв., 30,22 м², 23/24 этаж",
https://kazan.cian.ru/sale/flat/275149169/,Республика Татарстан Казань р-н Советский улица Натана Рахлина 15к2,4 500 000 ₽,4,"1-комн. кв., 32 м², 1/17 этаж",
https://kazan.cian.ru/sale/flat/286175989/,Республика Татарстан Казань р-н Советский м. Горки улица Азата Аббасова 21А,6 350 000 ₽,5,"1-комн. кв., 34,96 м², 1/19 этаж",
https://kazan.cian.ru/sale/flat/261762917/,"Республика Татарстан Казань р-н Советский мкр. кварталы 29,30 Сибирский тракт 20",4 650 000 ₽,5,"1-комн. кв., 35,6 м², 1/5 этаж",
https://kazan.cian.ru/sale/flat/274013488/,Республика Татарстан Казань р-н Приволжский мкр. Изумрудный город м. Дубравная улица Кул Гали,6 378 240 ₽,5,"1-комн. кв., 33,22 м², 5/10 этаж",
https://kazan.cian.ru/sale/flat/270151419/,Республика Татарстан Казань р-н Авиастроительный мкр. Соцгород Тэцевская улица 4Е,4 800 000 ₽,5,"1-комн. кв., 35,2 м², 6/7 этаж",
https://kazan.cian.ru/sale/flat/290827854/,Республика Татарстан Казань р-н Советский м. Горки улица Родины 12,6 450 000 ₽,5,"1-комн. кв., 32,33 м², 15/24 этаж",
https://kazan.cian.ru/sale/flat/274527039/,"Республика Татарстан Казань р-н Ново-Савиновский мкр. кварталы 68, 69 улица Сибгата Хакима 51",9 750 000 ₽,5,"1-комн. кв., 46 м², 17/20 этаж",
https://kazan.cian.ru/sale/flat/274013489/,Республика Татарстан Казань р-н Приволжский мкр. Изумрудный город м. Дубравная улица Кул Гали,6 538 640 ₽,5,"1-комн. кв., 34,78 м², 5/10 этаж",
https://kazan.cian.ru/sale/flat/262754616/,Республика Татарстан Казань р-н Советский мкр. Азино-2 улица Юлиуса Фучика 88,7 200 000 ₽,5,"1-комн. кв., 43,7 м², 14/18 этаж",
https://kazan.cian.ru/sale/flat/290828008/,Республика Татарстан Казань р-н Советский м. Горки улица Родины 12,6 580 000 ₽,5,"1-комн. кв., 33,11 м², 21/24 этаж",
https://kazan.cian.ru/sale/flat/272487261/,Республика Татарстан Казань р-н Вахитовский улица Достоевского 15,6 800 000 ₽,5,"1-комн. кв., 37,7 м², 4/5 этаж",
https://kazan.cian.ru/sale/flat/290822418/,Республика Татарстан Казань р-н Советский мкр. Малые Клыки м. Горки Лето ЖК,6 686 000 ₽,5,"1-комн. кв., 35,43 м², 3/9 этаж",
https://kazan.cian.ru/sale/flat/265013838/,Республика Татарстан Казань р-н Советский мкр. Дербышки улица Советская 6,3 100 000 ₽,5,"1-комн. кв., 38,9 м², 1/2 этаж",
https://kazan.cian.ru/sale/flat/288568818/,Республика Татарстан Казань р-н Советский м. Площадь Тукая Сиберово ЖК 1,7 169 817 ₽,5,"1-комн. кв., 39,6 м², 8/24 этаж",
https://kazan.cian.ru/sale/flat/275149158/,Республика Татарстан Казань р-н Советский мкр. Азино-1 улица Академика Глушко 5,4 700 000 ₽,5,"1-комн. кв., 34 м², 1/9 этаж",
https://kazan.cian.ru/sale/flat/274423110/,Республика Татарстан Казань р-н Советский м. Суконная слобода улица Академика Губкина 12Б,7 300 000 ₽,5,"1-комн. кв., 35,76 м², 10/19 этаж",
https://kazan.cian.ru/sale/flat/274117436/,Республика Татарстан Казань р-н Приволжский улица Братьев Батталовых 20Ак2,5 250 000 ₽,5,"1-комн. кв., 37,1 м², 23/25 этаж",
https://kazan.cian.ru/sale/flat/274744618/,Республика Татарстан Казань р-н Московский м. Яшьлек Меркурий ЖК,7 396 430 ₽,5,"1-комн. кв., 38,87 м², 4/10 этаж",
https://kazan.cian.ru/sale/flat/272873988/,Республика Татарстан Казань р-н Советский пос. Дербышки улица Мира 62к2,5 399 900 ₽,5,"1-комн. кв., 34,3 м², 10/10 этаж",
https://kazan.cian.ru/sale/flat/287861088/,Республика Татарстан Казань р-н Приволжский мкр. Горки-3 м. Дубравная Экопарк Дубрава мкр,7 355 620 ₽,5,"1-комн. кв., 39,17 м², 12/22 этаж",
https://kazan.cian.ru/sale/flat/262817777/,Республика Татарстан Казань р-н Приволжский проезд Детский 1к1,5 400 000 ₽,5,"1-комн. кв., 38,5 м², 10/19 этаж",
https://kazan.cian.ru/sale/flat/290968773/,Республика Татарстан Казань р-н Советский м. Суконная слобода улица Академика Губкина 12Б,7 350 000 ₽,5,"1-комн. кв., 35,33 м², 17/19 этаж",
https://kazan.cian.ru/sale/flat/275341396/,Республика Татарстан Казань р-н Вахитовский мкр. Татарская слобода Портовая улица 37к2,6 460 000 ₽,5,"1-комн. кв., 35,9 м², 5/10 этаж",
https://kazan.cian.ru/sale/flat/276113236/,Республика Татарстан Казань р-н Советский м. Горки улица Петра Полушкина 5/2,7 418 360 ₽,5,"1-комн. кв., 32,68 м², 2/17 этаж",
https://kazan.cian.ru/sale/flat/274527033/,Республика Татарстан Казань р-н Советский улица Петра Полушкина 6,6 870 000 ₽,5,"1-комн. кв., 36 м², 16/17 этаж",
https://kazan.cian.ru/sale/flat/275135696/,Республика Татарстан Казань р-н Советский м. Горки Яратам ЖК,7 823 176 ₽,5,"1-комн. кв., 40,81 м², 2/16 этаж",
https://kazan.cian.ru/sale/flat/274769573/,Республика Татарстан Казань р-н Вахитовский улица Волкова 12,7 700 000 ₽,5,"1-комн. кв., 29 м², 8/9 этаж",
https://kazan.cian.ru/sale/flat/290824917/,Республика Татарстан Казань р-н Советский м. Аметьево улица Мансура Хасанова 13,7 850 000 ₽,5,"1-комн. кв., 40,83 м², 9/19 этаж",
https://kazan.cian.ru/sale/flat/274607359/,Республика Татарстан Казань р-н Советский мкр. Малые Клыки м. Горки Светлая Долина ЖК 17.2,5 690 000 ₽,5,"1-комн. кв., 38,1 м², 4/19 этаж",
https://kazan.cian.ru/sale/flat/284786601/,Республика Татарстан Казань р-н Приволжский мкр. Теплоконтроль м. Аметьево 33-й Военный городок,8 390 000 ₽,6,"1-комн. кв., 46,7 м², 7/9 этаж",
https://kazan.cian.ru/sale/flat/270007057/,Республика Татарстан Казань р-н Приволжский улица Генерала Ерина 3,7 450 000 ₽,6,"1-комн. кв., 46,4 м², 5/5 этаж",
https://kazan.cian.ru/sale/flat/285615423/,Республика Татарстан Казань р-н Кировский мкр. Ягодная слобода м. Козья слобода Краснококшайская улица 58,8 546 406 ₽,6,"1-комн. кв., 35,6 м², 11/18 этаж",
https://kazan.cian.ru/sale/flat/266438587/,Республика Татарстан Казань р-н Кировский мкр. Залесный улица Наиля Юсупова 5А,4 100 000 ₽,6,"1-комн. кв., 41 м², 13/18 этаж",
https://kazan.cian.ru/sale/flat/285728237/,Республика Татарстан Казань р-н Кировский мкр. Адмиралтейская слобода м. Козья слобода Статум ЖК,8 940 000 ₽,6,"1-комн. кв., 37,78 м², 4/8 этаж",
https://kazan.cian.ru/sale/flat/271786201/,Республика Татарстан Казань р-н Авиастроительный мкр. Соцгород Тэцевская улица 4Д,5 080 000 ₽,6,"1-комн. кв., 31,4 м², 3/10 этаж",
https://kazan.cian.ru/sale/flat/290868105/,Республика Татарстан Казань р-н Советский м. Горки,8 972 783 ₽,6,"1-комн. кв., 41,21 м², 13/14 этаж",
https://kazan.cian.ru/sale/flat/266081589/,Республика Татарстан Казань р-н Приволжский мкр. Горки-1 Профессора Камая улица 12,6 890 000 ₽,6,"1-комн. кв., 48,2 м², 4/20 этаж",
https://kazan.cian.ru/sale/flat/288236418/,Республика Татарстан Казань р-н Кировский мкр. Ягодная слобода м. Козья слобода Краснококшайская улица 58,9 041 032 ₽,6,"1-комн. кв., 39,9 м², 8/15 этаж",
https://kazan.cian.ru/sale/flat/270361544/,Республика Татарстан Казань р-н Приволжский мкр. Изумрудный город улица Академика Завойского 21,7 990 000 ₽,6,"1-комн. кв., 50 м², 6/10 этаж",
https://kazan.cian.ru/sale/flat/286984023/,Республика Татарстан Казань р-н Кировский мкр. Адмиралтейская слобода м. Козья слобода Статум ЖК,9 100 000 ₽,6,"1-комн. кв., 42,94 м², 5/8 этаж",
https://kazan.cian.ru/sale/flat/272707818/,Республика Татарстан Казань р-н Ново-Савиновский улица Четаева 43,3 650 000 ₽,6,"1-комн. кв., 20 м², 1/10 этаж",
https://kazan.cian.ru/sale/flat/290811468/,Республика Татарстан Казань р-н Советский мкр. Куба Уникум на Ершова ЖК,9 626 000 ₽,6,"1-комн. кв., 41,47 м², 6/10 этаж",
https://kazan.cian.ru/sale/flat/272621433/,Республика Татарстан Казань р-н Кировский мкр. Юдино улица Ильича 19/43,3 820 000 ₽,6,"1-комн. кв., 36,1 м², 3/9 этаж",
https://kazan.cian.ru/sale/flat/290811292/,Республика Татарстан Казань р-н Советский мкр. Куба Уникум на Ершова ЖК,9 866 000 ₽,6,"1-комн. кв., 43 м², 7/10 этаж",
https://kazan.cian.ru/sale/flat/287847740/,Республика Татарстан Казань р-н Вахитовский мкр. Татарская слобода улица Камиля Якуба 4,5 300 000 ₽,6,"1-комн. кв., 31 м², 2/5 этаж",
https://kazan.cian.ru/sale/flat/287381225/,Республика Татарстан Казань р-н Вахитовский мкр. Татарская слобода м. Кремлёвская улица Гаяза Исхаки,10 044 040 ₽,6,"1-комн. кв., 34,28 м², 4/4 этаж",
https://kazan.cian.ru/sale/flat/275149152/,Республика Татарстан Казань р-н Кировский мкр. Залесный Залесный Сити ЖК 3.2,4 100 000 ₽,6,"1-комн. кв., 37 м², 11/25 этаж",
https://kazan.cian.ru/sale/flat/289688949/,Республика Татарстан Казань р-н Советский мкр. Октябрьский городок м. Суконная слобода Нова ЖК,10 521 420 ₽,6,"1-комн. кв., 37,31 м², 5/20 этаж",
https://kazan.cian.ru/sale/flat/273802597/,Республика Татарстан Казань р-н Советский улица Зур Урам 1Г,5 790 000 ₽,6,"1-комн. кв., 33,8 м², 3/10 этаж",
https://kazan.cian.ru/sale/flat/289324280/,Республика Татарстан Казань р-н Вахитовский мкр. Татарская слобода м. Площадь Тукая улица Нариманова 68,10 530 000 ₽,6,"1-комн. кв., 46,8 м², 4/4 этаж",
https://kazan.cian.ru/sale/flat/285991792/,"Республика Татарстан Казань р-н Ново-Савиновский мкр. кварталы 38, 27 улица Академика Лаврентьева 11",7 549 000 ₽,6,"1-комн. кв., 44,2 м², 14/16 этаж",
https://kazan.cian.ru/sale/flat/278050686/,Республика Татарстан Казань р-н Вахитовский мкр. Татарская слобода м. Площадь Тукая Максат ЖК,10 720 080 ₽,6,"1-комн. кв., 49,63 м², 6/9 этаж",
https://kazan.cian.ru/sale/flat/290252504/,Республика Татарстан Казань р-н Советский улица Зур Урам 1Г,6 500 000 ₽,6,"1-комн. кв., 40 м², 2/9 этаж",
https://kazan.cian.ru/sale/flat/282772876/,Республика Татарстан Казань р-н Советский м. Аметьево улица Аметьевская магистраль 18к5,10 700 000 ₽,6,"1-комн. кв., 47,2 м², 24/25 этаж",
https://kazan.cian.ru/sale/flat/280164066/,Республика Татарстан Казань р-н Приволжский м. Суконная слобода улица Павлюхина 99б,8 490 000 ₽,6,"1-комн. кв., 37,8 м², 3/9 этаж",
https://kazan.cian.ru/sale/flat/289324258/,Республика Татарстан Казань р-н Вахитовский мкр. Татарская слобода м. Площадь Тукая улица Нариманова 68,10 845 000 ₽,6,"1-комн. кв., 48,2 м², 2/4 этаж",
https://kazan.cian.ru/sale/flat/290153614/,"Республика Татарстан Казань р-н Ново-Савиновский мкр. кварталы 68, 69 Чистопольская улица 85а",7 700 000 ₽,6,"1-к квартира, 41 м 3/9",
https://kazan.cian.ru/sale/flat/285108647/,Республика Татарстан Казань р-н Ново-Савиновский м. Козья слобода Савин Фемили ЖК,10 794 615 ₽,7,"1-комн. кв., 40,37 м², 8/24 этаж",
https://kazan.cian.ru/sale/flat/290505374/,Республика Татарстан Казань р-н Советский улица Шуртыгина 7,8 000 000 ₽,7,"1-комн. кв., 41,1 м², 6/7 этаж",
https://kazan.cian.ru/sale/flat/275205724/,"Республика Татарстан Казань р-н Ново-Савиновский мкр. кварталы 68, 69 м. Козья слобода Уно ЖК",11 580 000 ₽,7,"1-комн. кв., 41,69 м², 3/21 этаж",
https://kazan.cian.ru/sale/flat/290207107/,"Республика Татарстан Казань р-н Ново-Савиновский мкр. кварталы 68, 69 м. Козья слобода улица Четаева 4",8 500 000 ₽,7,"1-комн. кв., 48,6 м², 5/9 этаж",
https://kazan.cian.ru/sale/flat/284293889/,Республика Татарстан Казань р-н Ново-Савиновский м. Козья слобода Савин Фемили ЖК,11 706 963 ₽,7,"1-комн. кв., 44,44 м², 8/24 этаж",
https://kazan.cian.ru/sale/flat/290462644/,Республика Татарстан Казань р-н Кировский мкр. Красная горка улица Гумера Баширова 5,6 500 000 ₽,7,Продам 1-к квартиру,
https://kazan.cian.ru/sale/flat/282889291/,Республика Татарстан Казань р-н Советский мкр. Октябрьский городок м. Суконная слобода проезд Юнуса Ахметзянова 8,11 960 000 ₽,7,"1-комн. кв., 50,9 м², 9/19 этаж",
https://kazan.cian.ru/sale/flat/283955815/,Республика Татарстан Казань р-н Авиастроительный мкр. Соцгород м. Авиастроительная Тэцевская улица 4Б,5 150 000 ₽,7,"1-комн. кв., 37,2 м², 2/12 этаж",
https://kazan.cian.ru/sale/flat/287381176/,Республика Татарстан Казань р-н Вахитовский мкр. Татарская слобода м. Кремлёвская улица Гаяза Исхаки,11 948 310 ₽,7,"1-комн. кв., 40,23 м², 2/4 этаж",
https://kazan.cian.ru/sale/flat/290399949/,Республика Татарстан Казань р-н Приволжский мкр. Горки-1 м. Аметьево улица Карбышева 12а,7 990 000 ₽,7,"1-комн. кв., 49 м², 14/23 этаж",
https://kazan.cian.ru/sale/flat/287381187/,Республика Татарстан Казань р-н Вахитовский мкр. Татарская слобода м. Кремлёвская улица Гаяза Исхаки,12 056 650 ₽,7,"1-комн. кв., 40,87 м², 2/4 этаж",
https://kazan.cian.ru/sale/flat/283640513/,Республика Татарстан Казань р-н Кировский м. Козья слобода улица Зилантовская 22/15,3 700 000 ₽,7,В продаже отличная 1комн квартира,
https://kazan.cian.ru/sale/flat/287020101/,Республика Татарстан Казань р-н Вахитовский мкр. Татарская слобода м. Площадь Тукая улица Сары Садыковой 51А,15 525 000 ₽,7,"1-комн. кв., 62,1 м², 2/4 этаж",
https://kazan.cian.ru/sale/flat/289916921/,Республика Татарстан Казань р-н Приволжский мкр. Лесной городок улица Белые Росы 15,5 600 000 ₽,7,"1-комн. кв., 41,7 м², 3/16 этаж",
https://kazan.cian.ru/sale/flat/284393258/,Республика Татарстан Казань р-н Приволжский м. Суконная слобода улица Шаляпина 32,15 806 800 ₽,7,"1-комн. кв., 45,02 м², 9/9 этаж",
https://kazan.cian.ru/sale/flat/286819472/,Республика Татарстан Казань р-н Авиастроительный мкр. Соцгород м. Авиастроительная Тэцевская улица 4Е,6 300 000 ₽,7,"1-комн. кв., 46 м², 6/8 этаж",
https://kazan.cian.ru/sale/flat/284393235/,Республика Татарстан Казань р-н Приволжский м. Суконная слобода улица Шаляпина 32,16 177 303 ₽,7,"1-комн. кв., 51,57 м², 4/9 этаж",
https://kazan.cian.ru/sale/flat/287282332/,Республика Татарстан Казань р-н Советский мкр. Октябрьский городок м. Кремлёвская улица Николая Ершова 66А,8 500 000 ₽,7,"1-комн. кв., 36,06 м², 12/16 этаж",
https://kazan.cian.ru/sale/flat/290812339/,Республика Татарстан Казань р-н Советский мкр. Малые Клыки м. Горки Нокса Парк ЖК 4,5 384 870 ₽,7,"1-комн. кв., 32,2 м², 2/17 этаж",
https://kazan.cian.ru/sale/flat/289166519/,Республика Татарстан Казань р-н Ново-Савиновский мкр. квартал 17 м. Авиастроительная улица Фатыха Амирхана 85А,5 550 000 ₽,7,Современный район города !,
https://kazan.cian.ru/sale/flat/286880832/,Республика Татарстан Казань р-н Советский мкр. Малые Клыки м. Горки Нокса Парк ЖК 4,5 453 049 ₽,7,"1-комн. кв., 31,4 м², 12/17 этаж",
https://kazan.cian.ru/sale/flat/289384353/,Республика Татарстан Казань р-н Кировский мкр. Красная горка Приволжская улица 210,6 000 000 ₽,7,"Квартира, 37.7 кв.м.",
https://kazan.cian.ru/sale/flat/282173883/,Республика Татарстан Казань р-н Советский мкр. Малые Клыки м. Горки Нокса Парк ЖК 5,5 497 718 ₽,7,"1-комн. кв., 32,3 м², 2/12 этаж",
https://kazan.cian.ru/sale/flat/283862216/,Республика Татарстан Казань р-н Приволжский мкр. Горки-1 улица Братьев Касимовых 35,6 490 000 ₽,7,Продам 1-ую квар. в ЖК Привилегия,
https://kazan.cian.ru/sale/flat/286095027/,Республика Татарстан Казань р-н Советский м. Горки Нокса Парк ЖК 6,5 534 553 ₽,7,"1-комн. кв., 32,1 м², 10/17 этаж",
https://kazan.cian.ru/sale/flat/289693367/,Республика Татарстан Казань р-н Ново-Савиновский улица Четаева 60,6 900 000 ₽,7,"1-комн. кв., 41,6 м², 7/10 этаж",
https://kazan.cian.ru/sale/flat/288940062/,Республика Татарстан Казань р-н Советский м. Горки Нокса Парк ЖК 7,5 521 219 ₽,7,"1-комн. кв., 35,7 м², 1/12 этаж",
https://kazan.cian.ru/sale/flat/287184464/,Республика Татарстан Казань р-н Кировский мкр. Ягодная слобода м. Козья слобода Горсоветская улица 17к3,7 799 990 ₽,7,"1-комн. кв., 40,5 м², 4/12 этаж",
https://kazan.cian.ru/sale/flat/288287707/,Республика Татарстан Казань р-н Советский мкр. Малые Клыки м. Горки Нокса Парк ЖК,5 509 804 ₽,8,"1-комн. кв., 34,7 м², 2/17 этаж",
https://kazan.cian.ru/sale/flat/286115105/,Республика Татарстан Казань р-н Ново-Савиновский Апастовская улица 5,3 770 000 ₽,8,"Квартира, 34.4 кв.м.",
https://kazan.cian.ru/sale/flat/290861851/,Республика Татарстан Казань р-н Приволжский м. Дубравная Палитра ЖК,5 565 000 ₽,8,"1-комн. кв., 30,88 м², 3/25 этаж",
https://kazan.cian.ru/sale/flat/290359269/,"Республика Татарстан Казань р-н Ново-Савиновский мкр. кварталы 25, МЖК м. Северный Вокзал улица Адоратского 54",5 100 000 ₽,8,"1-комн. кв., 36 м², 9/9 этаж",
https://kazan.cian.ru/sale/flat/290812366/,Республика Татарстан Казань р-н Советский мкр. Малые Клыки м. Горки Нокса Парк ЖК 5,5 637 254 ₽,8,"1-комн. кв., 34,2 м², 2/12 этаж",
https://kazan.cian.ru/sale/flat/290064440/,Республика Татарстан Казань р-н Авиастроительный мкр. Караваево м. Авиастроительная улица Годовикова 16,4 850 000 ₽,8,Продам 1-к квартиру,
https://kazan.cian.ru/sale/flat/288940061/,Республика Татарстан Казань р-н Советский м. Горки Нокса Парк ЖК 7,5 689 968 ₽,8,"1-комн. кв., 36,7 м², 4/12 этаж",
https://kazan.cian.ru/sale/flat/289959744/,Республика Татарстан Казань р-н Приволжский мкр. Теплоконтроль м. Горки 33-й Военный городок,6 450 000 ₽,8,"1-комн. кв., 31,9 м², 8/9 этаж",
https://kazan.cian.ru/sale/flat/290812317/,Республика Татарстан Казань р-н Советский мкр. Малые Клыки м. Горки Нокса Парк ЖК,5 772 844 ₽,8,"1-комн. кв., 36,6 м², 5/17 этаж",
https://kazan.cian.ru/sale/flat/287183983/,Республика Татарстан Казань р-н Вахитовский мкр. Татарская слобода м. Площадь Тукая улица Татарстан 11,7 799 990 ₽,8,"1-комн. кв., 40 м², 8/14 этаж",
https://kazan.cian.ru/sale/flat/289172363/,Республика Татарстан Казань р-н Советский мкр. Малые Клыки м. Горки Нокса Парк ЖК 4,5 764 723 ₽,8,"1-комн. кв., 32,6 м², 11/17 этаж",
https://kazan.cian.ru/sale/flat/290294150/,Республика Татарстан Казань р-н Советский м. Аметьево Мечта ЖК 4,6 700 000 ₽,8,Продам 1-к квартиру,
https://kazan.cian.ru/sale/flat/290812379/,Республика Татарстан Казань р-н Советский м. Горки Нокса Парк ЖК 6,5 798 102 ₽,8,"1-комн. кв., 32,7 м², 7/17 этаж",
https://kazan.cian.ru/sale/flat/285963527/,Республика Татарстан Казань р-н Авиастроительный мкр. Соцгород м. Авиастроительная Индустриальная улица 13,3 500 000 ₽,8,Успей купить!!!,
https://kazan.cian.ru/sale/flat/288568796/,Республика Татарстан Казань р-н Советский мкр. Малые Клыки м. Горки Нокса Парк ЖК 5,5 897 548 ₽,8,"1-комн. кв., 35,8 м², 7/12 этаж",
https://kazan.cian.ru/sale/flat/282947931/,Республика Татарстан Казань р-н Советский улица Азата Аббасова 19,5 400 000 ₽,8,"1-комн. кв., 37,4 м², 1/11 этаж",
https://kazan.cian.ru/sale/flat/290735748/,Республика Татарстан Казань р-н Советский м. Горки Нокса Парк ЖК 2,5 876 236 ₽,8,"1-комн. кв., 34,7 м², 4/17 этаж",
https://kazan.cian.ru/sale/flat/290450912/,Республика Татарстан Казань р-н Приволжский мкр. Горки-1 м. Горки улица Братьев Касимовых 6А,7 400 000 ₽,8,"1-комн. кв., 44 м², 6/9 этаж",
https://kazan.cian.ru/sale/flat/290038932/,Республика Татарстан Казань р-н Советский мкр. Малые Клыки м. Горки Нокса Парк ЖК 5,5 881 958 ₽,8,"1-комн. кв., 32,8 м², 10/12 этаж",
https://kazan.cian.ru/sale/flat/280742114/,Республика Татарстан Казань р-н Советский мкр. Куба Сибирский тракт 13,8 186 000 ₽,8,"1-комн. кв., 46 м², 15/25 этаж",
https://kazan.cian.ru/sale/flat/290828445/,Республика Татарстан Казань р-н Авиастроительный м. Северный Вокзал улица Михаила Миля 3,5 930 000 ₽,8,"1-комн. кв., 36,37 м², 9/15 этаж",
https://kazan.cian.ru/sale/flat/278738915/,Республика Татарстан Казань р-н Вахитовский мкр. Татарская слобода м. Площадь Тукая Габдуллы Тукая улица 90,12 990 000 ₽,8,"1-комн. кв., 43,3 м², 3/4 этаж",
https://kazan.cian.ru/sale/flat/283130364/,Республика Татарстан Казань р-н Советский м. Горки Нокса Парк ЖК 6,5 937 177 ₽,8,"1-комн. кв., 35,3 м², 12/17 этаж",
https://kazan.cian.ru/sale/flat/290968710/,Республика Татарстан Казань р-н Приволжский мкр. Теплоконтроль м. Проспект Победы улица Ярдем 25,6 550 000 ₽,8,Продается 1 комнатная квартира,
https://kazan.cian.ru/sale/flat/274605957/,Республика Татарстан Казань р-н Советский м. Горки Нокса Парк ЖК 2,6 007 056 ₽,8,"1-комн. кв., 34,1 м², 2/17 этаж",
https://kazan.cian.ru/sale/flat/289353433/,Республика Татарстан Казань р-н Авиастроительный мкр. Караваево улица Дементьева 28к1,3 800 000 ₽,8,"1-комн. кв., 35 м², 7/9 этаж",
https://kazan.cian.ru/sale/flat/290811225/,Республика Татарстан Казань р-н Советский м. Горки Лето ЖК,6 076 000 ₽,8,"1-комн. кв., 29,01 м², 7/10 этаж",
https://kazan.cian.ru/sale/flat/288859712/,Республика Татарстан Казань р-н Приволжский мкр. Теплоконтроль Модельная улица 10,4 190 000 ₽,8,"1-комн. кв., 27,7 м², 8/9 этаж",
https://kazan.cian.ru/sale/flat/289842691/,Республика Татарстан Казань р-н Советский м. Горки Нокса Парк ЖК 3,6 083 481 ₽,9,"1-комн. кв., 32,8 м², 4/12 этаж",
https://kazan.cian.ru/sale/flat/290345065/,Республика Татарстан Казань р-н Приволжский мкр. Солнечный улица Баки Урманче 4к2,6 990 000 ₽,9,"1-комн. кв., 33,4 м², 5/10 этаж",
https://kazan.cian.ru/sale/flat/290819988/,Республика Татарстан Казань р-н Советский мкр. Малые Клыки м. Горки Грин ЖК,6 072 622 ₽,9,"1-комн. кв., 35,62 м², 1/19 этаж",
https://kazan.cian.ru/sale/flat/290633419/,Республика Татарстан Казань р-н Приволжский мкр. Горки-1 улица Братьев Касимовых 8,5 849 000 ₽,9,"1-комн. кв., 45,2 м², 4/5 этаж",
https://kazan.cian.ru/sale/flat/288940035/,Республика Татарстан Казань р-н Советский мкр. Малые Клыки м. Горки Нокса Парк ЖК,6 092 352 ₽,9,"1-комн. кв., 42 м², 3/17 этаж",
https://kazan.cian.ru/sale/flat/290521691/,Республика Татарстан Казань р-н Приволжский мкр. Теплоконтроль Авангардная улица 171б,4 599 000 ₽,9,"1-комн. кв., 37,8 м², 9/10 этаж",
https://kazan.cian.ru/sale/flat/284796965/,Республика Татарстан Казань р-н Советский мкр. Малые Клыки м. Горки Светлая Долина ЖК,6 192 480 ₽,9,"1-комн. кв., 31,92 м², 2/19 этаж",
https://kazan.cian.ru/sale/flat/287323089/,Республика Татарстан Казань р-н Кировский мкр. Залесный улица Гавриила Державина 3к4,4 960 000 ₽,9,"1-комн. кв., 39,5 м², 7/16 этаж",
https://kazan.cian.ru/sale/flat/284797520/,Республика Татарстан Казань р-н Советский мкр. Малые Клыки м. Горки Светлая Долина ЖК,6 180 000 ₽,9,"1-комн. кв., 30,9 м², 14/19 этаж",
https://kazan.cian.ru/sale/flat/278705222/,Республика Татарстан Казань р-н Советский мкр. Константиновка улица Натана Рахлина 5,6 850 000 ₽,9,"1-комн. кв., 48,4 м², 11/14 этаж",
https://kazan.cian.ru/sale/flat/279437402/,Республика Татарстан Казань р-н Советский м. Горки Нокса Парк ЖК 3,6 208 291 ₽,9,"1-комн. кв., 34,9 м², 2/12 этаж",
https://kazan.cian.ru/sale/flat/285950287/,Республика Татарстан Казань р-н Московский м. Яшьлек улица Батыршина 25,3 799 999 ₽,9,1 комнатная квартира,
https://kazan.cian.ru/sale/flat/282519705/,Республика Татарстан Казань р-н Советский мкр. Малые Клыки м. Горки Нокса Парк ЖК 1,6 233 241 ₽,9,"1-комн. кв., 33,4 м², 6/12 этаж",
https://kazan.cian.ru/sale/flat/288817080/,Республика Татарстан Казань р-н Кировский мкр. Красная горка м. Кремлёвская Приволжская улица 210с2,5 650 000 ₽,9,"1-комн. кв., 34,9 м², 6/7 этаж",
https://kazan.cian.ru/sale/flat/282371443/,Республика Татарстан Казань р-н Советский мкр. Малые Клыки м. Горки Нокса Парк ЖК 4,6 220 022 ₽,9,"1-комн. кв., 42,1 м², 2/17 этаж",
https://kazan.cian.ru/sale/flat/290243360/,Республика Татарстан Казань р-н Приволжский м. Суконная слобода улица Айрата Хайруллина 5к2,4 500 000 ₽,9,"1-ком.кв. 30,7 м, в центре Казани",
https://kazan.cian.ru/sale/flat/290861826/,Республика Татарстан Казань р-н Приволжский м. Дубравная Палитра ЖК,6 239 000 ₽,9,"1-комн. кв., 35,7 м², 23/25 этаж",
https://kazan.cian.ru/sale/flat/290726397/,Республика Татарстан Казань р-н Приволжский улица Братьев Батталовых 20к2,6 599 000 ₽,9,"1-комн. кв., 36,3 м², 2/25 этаж",
https://kazan.cian.ru/sale/flat/281267886/,Республика Татарстан Казань р-н Советский м. Горки Нокса Парк ЖК 6,6 289 680 ₽,9,"1-комн. кв., 35,9 м², 15/17 этаж",
https://kazan.cian.ru/sale/flat/290695005/,Республика Татарстан Казань р-н Приволжский мкр. Солнечный м. Горки улица Баки Урманче 5,6 800 000 ₽,9,"1-комн. кв., 43,2 м², 3/23 этаж",
https://kazan.cian.ru/sale/flat/287882648/,Республика Татарстан Казань р-н Советский мкр. Малые Клыки м. Горки Нокса Парк ЖК,6 333 926 ₽,9,"1-комн. кв., 44,4 м², 7/17 этаж",
https://kazan.cian.ru/sale/flat/274228036/,Республика Татарстан Казань р-н Кировский мкр. Ягодная слобода улица Ползунова 5,5 500 000 ₽,9,"1-комн. кв., 35 м², 4/6 этаж",
https://kazan.cian.ru/sale/flat/286654135/,Республика Татарстан Казань р-н Советский м. Горки Нокса Парк ЖК 3,6 335 078 ₽,9,"1-комн. кв., 33,6 м², 8/12 этаж",
https://kazan.cian.ru/sale/flat/271889089/,Республика Татарстан Казань р-н Приволжский мкр. Теплоконтроль Актайская улица 7,5 990 000 ₽,9,"1-комн. кв., 49,3 м², 1/16 этаж",
https://kazan.cian.ru/sale/flat/289015444/,Республика Татарстан Казань р-н Советский мкр. Малые Клыки м. Горки Лето ЖК,6 310 000 ₽,9,"1-комн. кв., 33,73 м², 3/9 этаж",
https://kazan.cian.ru/sale/flat/290715411/,Республика Татарстан Казань р-н Приволжский мкр. Солнечный улица Баки Урманче 5,6 350 000 ₽,9,"1-комн. апарт., 39,8 м², 8/22 этаж",
https://kazan.cian.ru/sale/flat/278843650/,Республика Татарстан Казань р-н Советский м. Горки Нокса Парк ЖК 2,6 391 238 ₽,9,"1-комн. кв., 36,6 м², 2/17 этаж",
https://kazan.cian.ru/sale/flat/290914287/,Республика Татарстан Казань р-н Приволжский улица Братьев Батталовых 20А,6 750 000 ₽,9,"1-комн. кв., 37 м², 14/23 этаж",
https://kazan.cian.ru/sale/flat/287860606/,Республика Татарстан Казань р-н Приволжский мкр. Горки-3 м. Дубравная Экопарк Дубрава мкр,6 467 490 ₽,10,"1-комн. кв., 30,61 м², 5/22 этаж",
https://kazan.cian.ru/sale/flat/275536310/,"Республика Татарстан Казань р-н Ново-Савиновский мкр. кварталы 68, 69 улица Сибгата Хакима 51",14 450 000 ₽,10,"1-комн. кв., 51 м², 6/22 этаж",
https://kazan.cian.ru/sale/flat/288384623/,Республика Татарстан Казань р-н Советский м. Горки Горки Поинт ЖК,6 464 440 ₽,10,"1-комн. кв., 38,34 м², 3/10 этаж",
https://kazan.cian.ru/sale/flat/287560295/,Республика Татарстан Казань р-н Авиастроительный мкр. Караваево Молодежная улица 8,2 500 000 ₽,10,"1-комн. кв., 18,2 м², 5/5 этаж",
https://kazan.cian.ru/sale/flat/283130309/,Республика Татарстан Казань р-н Советский м. Горки Нокса Парк ЖК 3,6 493 132 ₽,10,"1-комн. кв., 36,6 м², 2/12 этаж",
https://kazan.cian.ru/sale/flat/290146584/,Республика Татарстан Казань р-н Приволжский мкр. Горки-3 м. Дубравная Экопарк Дубрава мкр улица Абубекира Терегулова 2,7 099 000 ₽,10,"1-комн. кв., 42,5 м², 6/19 этаж",
https://kazan.cian.ru/sale/flat/290606126/,Республика Татарстан Казань р-н Советский мкр. Малые Клыки м. Горки Грин ЖК,6 494 810 ₽,10,"1-комн. кв., 35,45 м², 12/19 этаж",
https://kazan.cian.ru/sale/flat/290790699/,Республика Татарстан Казань р-н Приволжский мкр. Горки-1 м. Горки Профессора Камая улица 8,7 100 000 ₽,10,"1-ком. квартира в ЖК ""Романтика""",
https://kazan.cian.ru/sale/flat/289016283/,Республика Татарстан Казань р-н Советский мкр. Малые Клыки м. Горки Лето ЖК,6 556 000 ₽,10,"1-комн. кв., 33,04 м², 6/9 этаж",
https://kazan.cian.ru/sale/flat/290884412/,Республика Татарстан Казань р-н Советский мкр. Константиновка улица Интернациональная 33А,5 500 000 ₽,10,Свободная однокомнатная квартира,
https://kazan.cian.ru/sale/flat/290735734/,Республика Татарстан Казань р-н Советский мкр. Малые Клыки м. Горки Нокса Парк ЖК,6 555 628 ₽,10,"1-комн. кв., 42,6 м², 9/17 этаж",
https://kazan.cian.ru/sale/flat/290993848/,Республика Татарстан Казань р-н Авиастроительный мкр. Соцгород м. Авиастроительная Тэцевская улица 13а,2 500 000 ₽,10,"1-комн. кв., 30,5 м², 1/3 этаж",
https://kazan.cian.ru/sale/flat/286529737/,Республика Татарстан Казань р-н Приволжский мкр. Теплоконтроль м. Аметьево 33-й Военный городок 3,6 620 200 ₽,10,"1-комн. кв., 34,58 м², 2/9 этаж",
https://kazan.cian.ru/sale/flat/289235198/,Республика Татарстан Казань р-н Авиастроительный мкр. Караваево м. Авиастроительная улица Лукина 50А,5 500 000 ₽,10,"1-комн. кв., 43,48 м², 1/10 этаж",
https://kazan.cian.ru/sale/flat/290862003/,Республика Татарстан Казань р-н Приволжский м. Дубравная Палитра ЖК,6 644 000 ₽,10,"1-комн. кв., 39,2 м², 25/25 этаж",
https://kazan.cian.ru/sale/flat/290571665/,Республика Татарстан Казань р-н Ново-Савиновский м. Северный Вокзал улица Мусина 71,5 270 000 ₽,10,"1-комн. кв., 35,4 м², 3/9 этаж",
https://kazan.cian.ru/sale/flat/290038941/,Республика Татарстан Казань р-н Советский м. Горки Нокса Парк ЖК 3,6 618 336 ₽,10,"1-комн. кв., 35,5 м², 7/12 этаж",
https://kazan.cian.ru/sale/flat/290734445/,Республика Татарстан Казань р-н Приволжский улица Братьев Батталовых 20А,4 860 000 ₽,10,"1-комн. кв., 33 м², 21/25 этаж",
https://kazan.cian.ru/sale/flat/290827494/,Республика Татарстан Казань р-н Советский м. Горки улица Родины 12,6 620 000 ₽,10,"1-комн. кв., 33,65 м², 1/24 этаж",
https://kazan.cian.ru/sale/flat/290230838/,Республика Татарстан Казань р-н Советский м. Суконная слобода проспект Альберта Камалеева 34,7 500 000 ₽,10,"1-комн. кв., 42 м², 9/23 этаж",
https://kazan.cian.ru/sale/flat/284798177/,Республика Татарстан Казань р-н Советский м. Горки улица Рашида Нежметдинова 2-1,6 631 360 ₽,10,"1-комн. кв., 36,04 м², 25/25 этаж",
https://kazan.cian.ru/sale/flat/290744792/,Республика Татарстан Казань р-н Советский мкр. Малые Клыки улица Александра Курынова 10к2,4 995 000 ₽,10,"1-комн. кв., 32,3 м², 12/19 этаж",
https://kazan.cian.ru/sale/flat/280273693/,Республика Татарстан Казань р-н Советский м. Площадь Тукая Сиберово ЖК 1,6 612 432 ₽,10,"1-комн. кв., 34,7 м², 3/8 этаж",
https://kazan.cian.ru/sale/flat/286921253/,Республика Татарстан Казань р-н Советский мкр. Азино-1 проспект Победы 128,5 850 000 ₽,10,"1-комн. кв., 42,9 м², 9/10 этаж",
https://kazan.cian.ru/sale/flat/290038957/,Республика Татарстан Казань р-н Советский м. Площадь Тукая Сиберово ЖК 1,6 682 867 ₽,10,"1-комн. кв., 36,6 м², 1/8 этаж",
https://kazan.cian.ru/sale/flat/283186767/,Республика Татарстан Казань р-н Советский мкр. Куба улица Бари Галеева 8Ак2,6 500 000 ₽,10,"1-комн. кв., 32 м², 3/19 этаж",
https://kazan.cian.ru/sale/flat/272555529/,Республика Татарстан Казань р-н Советский м. Аметьево улица Аделя Кутуя 86,6 718 856 ₽,10,"1-комн. кв., 30,78 м², 1/20 этаж",
https://kazan.cian.ru/sale/flat/288639882/,Республика Татарстан Казань р-н Кировский мкр. Ягодная слобода м. Козья слобода переулок Односторонки Гривки 10,7 100 000 ₽,10,"1-комн. кв., 43 м², 5/5 этаж",
https://kazan.cian.ru/sale/flat/284796859/,Республика Татарстан Казань р-н Советский мкр. Малые Клыки м. Горки улица Александра Курынова 1/4,6 690 600 ₽,11,"1-комн. кв., 31,86 м², 17/17 этаж",
https://kazan.cian.ru/sale/flat/290399596/,Республика Татарстан Казань р-н Вахитовский м. Площадь Тукая улица Груздева 4,5 000 000 ₽,11,"1-комн. кв., 31,1 м², 5/5 этаж",
https://kazan.cian.ru/sale/flat/290828758/,Республика Татарстан Казань р-н Авиастроительный м. Северный Вокзал улица Михаила Миля 3,6 720 000 ₽,11,"1-комн. кв., 42,4 м², 8/15 этаж",
https://kazan.cian.ru/sale/flat/284682076/,Республика Татарстан Казань р-н Ново-Савиновский м. Козья слобода улица Алексея Козина 2,12 300 000 ₽,11,"1-комн. кв., 38,1 м², 9/20 этаж",
https://kazan.cian.ru/sale/flat/290246984/,Республика Татарстан Казань р-н Приволжский мкр. Горки-3 м. Дубравная Экопарк Дубрава мкр,6 733 971 ₽,11,"1-комн. кв., 31,92 м², 3/22 этаж",
https://kazan.cian.ru/sale/flat/283852037/,Республика Татарстан Казань р-н Советский мкр. Дербышки м. Яшьлек Тополевая улица 55,3 100 000 ₽,11,"1-комн. кв., 28,1 м², 1/9 этаж",
https://kazan.cian.ru/sale/flat/274013494/,Республика Татарстан Казань р-н Приволжский мкр. Изумрудный город м. Дубравная улица Кул Гали,6 792 440 ₽,11,"1-комн. кв., 36,13 м², 7/10 этаж",
https://kazan.cian.ru/sale/flat/284168419/,"Республика Татарстан Казань р-н Ново-Савиновский мкр. кварталы 68, 69 м. Козья слобода улица Сибгата Хакима 33",8 300 000 ₽,11,"1-комн. кв., 42 м², 9/9 этаж",
https://kazan.cian.ru/sale/flat/288535523/,Республика Татарстан Казань р-н Советский м. Горки Горки Поинт ЖК,6 785 000 ₽,11,"1-комн. кв., 47,75 м², 1/10 этаж",
https://kazan.cian.ru/sale/flat/282908739/,Республика Татарстан Казань р-н Приволжский мкр. Горки-1 улица Хусаина Мавлютова 11,4 000 000 ₽,11,"1-комн. кв., 29,1 м², 3/5 этаж",
https://kazan.cian.ru/sale/flat/289015904/,Республика Татарстан Казань р-н Советский мкр. Малые Клыки м. Горки Лето ЖК,6 790 000 ₽,11,"1-комн. кв., 36,92 м², 2/9 этаж",
https://kazan.cian.ru/sale/flat/286390249/,Республика Татарстан Казань р-н Московский улица Восстания 101,4 100 000 ₽,11,"1-комн. кв., 26,7 м², 6/9 этаж",
https://kazan.cian.ru/sale/flat/290861961/,Республика Татарстан Казань р-н Приволжский м. Дубравная Палитра ЖК,6 883 000 ₽,11,"1-комн. кв., 39,72 м², 9/25 этаж",
https://kazan.cian.ru/sale/flat/290836678/,Республика Татарстан Казань р-н Ново-Савиновский мкр. квартал 39 улица Маршала Чуйкова 42,4 500 000 ₽,11,"1-комн. кв., 32,7 м², 3/5 этаж",
https://kazan.cian.ru/sale/flat/286529735/,Республика Татарстан Казань р-н Приволжский мкр. Теплоконтроль м. Аметьево 33-й Военный городок 3,6 878 570 ₽,11,"1-комн. кв., 36,13 м², 2/9 этаж",
https://kazan.cian.ru/sale/flat/286424418/,Республика Татарстан Казань р-н Приволжский улица Андрея Адо 15,5 380 000 ₽,11,"1-комн. кв., 41,84 м², 5/18 этаж",
https://kazan.cian.ru/sale/flat/289016421/,Республика Татарстан Казань р-н Советский мкр. Малые Клыки м. Горки Лето ЖК,6 900 000 ₽,11,"1-комн. кв., 37,85 м², 2/9 этаж",
https://kazan.cian.ru/sale/flat/290010861/,Республика Татарстан Казань р-н Ново-Савиновский м. Козья слобода улица Абсалямова 32,6 150 000 ₽,11,"1-комн. кв., 33,7 м², 10/10 этаж",
https://kazan.cian.ru/sale/flat/290861892/,Республика Татарстан Казань р-н Приволжский Палитра ЖК,6 932 000 ₽,11,"1-комн. кв., 40,92 м², 25/25 этаж",
https://kazan.cian.ru/sale/flat/290575132/,Республика Татарстан Казань р-н Московский м. Яшьлек Ленская улица 10,6 500 000 ₽,11,"1-комн. кв., 50 м², 1/10 этаж",
https://kazan.cian.ru/sale/flat/290246990/,Республика Татарстан Казань р-н Приволжский мкр. Горки-3 м. Дубравная Экопарк Дубрава мкр,6 995 176 ₽,11,"1-комн. кв., 35,03 м², 3/22 этаж",
https://kazan.cian.ru/sale/flat/290167897/,Республика Татарстан Казань р-н Ново-Савиновский Меридианная улица 26,6 999 990 ₽,11,"1-комн. кв., 33,4 м², 3/10 этаж",
https://kazan.cian.ru/sale/flat/281314808/,Республика Татарстан Казань р-н Советский м. Горки Нокса Парк ЖК 2,6 984 960 ₽,11,"1-комн. кв., 42,8 м², 3/17 этаж",
https://kazan.cian.ru/sale/flat/290957247/,Республика Татарстан Казань р-н Вахитовский мкр. Калуга улица Достоевского 57,7 750 000 ₽,11,"1-комн. кв., 45 м², 16/17 этаж",
https://kazan.cian.ru/sale/flat/289482415/,Республика Татарстан Казань р-н Приволжский мкр. Горки-3 м. Дубравная Экопарк Дубрава мкр улица Абубекира Терегулова 8,7 097 000 ₽,11,"1-комн. кв., 37,6 м², 6/16 этаж",
https://kazan.cian.ru/sale/flat/287150959/,Республика Татарстан Казань р-н Приволжский мкр. Горки-3 м. Дубравная Экопарк Дубрава мкр улица Абубекира Терегулова 8Б,8 200 000 ₽,11,"1-комн. кв., 49,1 м², 9/9 этаж",
https://kazan.cian.ru/sale/flat/286529602/,Республика Татарстан Казань р-н Приволжский мкр. Теплоконтроль м. Аметьево 33-й Военный городок 3,7 014 650 ₽,11,"1-комн. кв., 36,85 м², 7/9 этаж",
https://kazan.cian.ru/sale/flat/290788434/,Республика Татарстан Казань р-н Ново-Савиновский м. Козья слобода улица Сибгата Хакима 7,13 400 000 ₽,11,"1-комн. кв., 39,9 м², 14/18 этаж",
